epoch,train_loss,val_loss
1,0.4346584167058449,0.4034165776675811
2,0.3504682391344649,0.3987215630439321
3,0.3235787833722239,0.3630013754461151
4,0.3019728082818969,0.3788501408093462
5,0.2861350159529527,0.3819307484364576
6,0.2733068110386847,0.4075278821440356
7,0.2562477486428319,0.3605298153840818
8,0.2412526231129145,0.3433220244020584
9,0.2258324086582373,0.3648633915802528
10,0.2088794595943739,0.4542130835958429
